product_id,soco_brand,soco_product_name,status_sebelumnya
P000087,Beauty Story,Tinted Moisturiser Sheer Radiant,error
P000099,Benefit Cosmetics,Hello Happy Flawless Brightening,error
P000100,Benefit Cosmetics,Hello Happy Flawless Brightening Mini,error
P000101,Benefit Cosmetics,Hello Happy Soft Blur Foundation,error
P000102,Benefit Cosmetics,Hello Happy Soft Blur Foundation Mini,error
P000104,Benefit Cosmetics,’Hello Flawless!’ Oxygen Wow Liquid Foundation,error
P000110,Bioaqua,BB Air Cushion ( Orange ),error
P000120,BLP Beauty,Face Base,error
P000132,Bourjois,Foundation Healthy Mix Relaunch 17,error
P000133,BrunBrun Paris,Smooth Cover Cushion Foundation,error
P000134,BrunBrun Paris,Smooth Cover Cushion Foundation Refill,error
P000172,Canmake,Smooth Liquid Foundation,error
P000184,Caring Colours,Stay True Foundation,error
P000187,Cathy Doll,AA Matte Powder Cushion,error
P000190,Catrice,12h Matt Mousse Make up,error
P000191,Catrice,24h Made To Stay Make Up,error
P000199,Chanel,Perfection Lumiere Velvet,error
P000226,Clio,Nudism Velvetwear Foundation Set,error
P000251,Dazzle Me,Acne Armor Puff Perfection Cushion,error
P000258,Dear Me Beauty,Dear Me Beauty X KFC Primer + Foundation Breathable Cushion SPF46 PA+++,error
P000281,ELF Cosmetics,Tinted Moisturizer SPF 20,error
P000283,Emina,Bare With Me Mineral Cushion,no_ingredients
P000290,Erha,Esme Df Improved Formula Sureface,error
P000293,Erha,Luminous Pearl BB Cushion,error
P000294,Erto's,EE Whitening Aircushion,error
P000340,Everwhite,Magic Cushion,error
P000344,Fanbo,Fantastic Foundation,error
P000345,FENTY BEAUTY by Rihanna,Pro Filt'r Soft Matte Longwear Foundation,error
P000352,Flormar,Perfect Cover Foundation,error
P000355,Focallure,Face Foundation Makeup Base Liquid,error
P000368,Focallure,Sheer Glow Liquid Foundation,error
P000432,IMMEME,Cover-Up Matte Fit Cushion,error
P000435,Implora,Seamless Liquid Foundation,error
P000437,Inez,Satin Smooth Liquid Foundation,error
P000440,Innisfree,My Foundation 1.3,error
P000446,Instaperfect,Instaperfect MINERALIGHT MATTE BB Cushion,error
P000499,Klara,Foundation Stick,error
P000523,LA GIRL,Hd Pro Matte Foundation,error
P000527,La Tulipe,Cover Foundation,error
P000528,La Tulipe,Cover Foundation For Oily Skin,error
P000530,La Tulipe,Perfect Foundation,error
P000531,La Tulipe,Soft Foundation,error
P000532,La Tulipe,Stay Smooth Liquid Foundation,error
P000535,Lakme,9To5 Reinvent Weightless Mousse Foundation,error
P000536,Lakme,Absolute Reinvent Illuminating Foundation,error
P000537,Lakme,Absolute Reinvent Mattreal Skin Natural Mousse Foundation,error
P000538,Lakme,Absolute Reinvent Skin Cover Foundation,error
P000539,Lakme,Absolute Reinvent White Intense Skin Cover Foundation,error
P000542,Lancôme,Teint Idole Ultra Longwear Cushion Foundation SPF 50,error
P000595,Looke Cosmetics,Holy Flawless BB Cushion Refill,error
P000596,Looke Cosmetics,Holy Flawless BB Cushion Special Vol 2,error
P000600,Loreal Paris,Infallible 24 Hour Stay Fresh Foundation,error
P000605,Loreal Paris,Infallible Pro Glow Foundation,error
P000613,Loreal Paris,True Match Liquid Foundation,error
P000615,Loreal Paris,True Match Lumi Cushion Foundation,error
P000617,Loreal Paris,True Match Mineral Foundation,error
P000630,Luxcrime,2nd Skin Luminous Cushion,error
P000651,Make Up For Ever,Reboot Foundation,error
P000655,Mamonde,Brightening Cover Powder Cushion,error
P000665,Masami,Loveskin BB Cushion,error
P000676,Maybelline,Dream Matte Mousse,error
P000707,Mineral Botanica,Acne Care Loose Foundation,error
P000710,Mineral Botanica,Studio Series Dura Wear Lightweight Full Cover Liquid Foundation,error
P000711,Mineral Botanica,Two Way Cake Foundation,error
P000712,Mineral Botanica old,Air Cushion Foundation,error
P000714,Mirabella,Foundation Stick,error
P000731,Mizzu,Glam Rock Aqua Foundation Refill,error
P000732,Moko Moko,BB Cushion,error
P000744,Mustika Ratu,Beauty Queen Coverage Foundation Matte Finish Ivory,error
P000751,Nameera,Naturally Luminous BB Cushio SPF 15PA++,error
P000754,NARS,Pure Radiant Tinted Moisturizer Broad Spectrum SPF 30,error
P000767,NPure,Power Cushion,error
P000771,NYX Professional Makeup,Can't Stop Won't Stop Foundation (Won't Stop Foundation - Nude),error
P000774,NYX Professional Makeup,High Definition Foundation,error
P000775,NYX Professional Makeup,NYX Prof. Makeup Bare With Me Tinted Skin Veil,error
P000777,NYX Professional MakeUp-OLD,Stay Matte But Not Flat Powder Foundation,error
P000781,O.Two.O,Liquid Foundation,error
P000785,Oriflame,Giordani Gold Age Defying Foundation SPF 8,error
P000789,Oriflame,The ONE Matte Velvet Foundation SPF 20,error
P000808,Pixy,Pixy Make It Glow Techno Fixed - Matte Cushion,error
P000811,Pixy,Stick Foundation,error
P000815,Pradasari,Alas Bedak,error
P000817,Purbasari,Foundation,error
P000818,Purbasari,Purbasari Pore Perfecting BB Cushion,error
P000825,Red-A,Liquid Foundation Translucent,error
P000832,Revlon,New Complexion 2 Way Foundation,error
P000833,Revlon,New Complexion Oil Control Makeup,error
P000836,Revlon,Photoready Airbrush Effect,error
P000839,Revlon,Photoready Insta-Filter Foundation,error
P000840,Revlon,Photoready Liquid Makeup,error
P000841,Revlon,Powdery Foundation SPF 15 PA ++,error
P000843,RIVERA,Cover It All Foundation,error
P000844,RIVERA,Liquid Foundation SPF 20 40 ml,error
P000856,SADA Hybrid Beauty,Rubin Signature Airy BB Cushion,error
P000859,Sarange,Daily Cover BB Cushion 15g,error
P000860,Sariayu,Alas Bedak Energizing Aromatic,error
P000861,Sariayu,Alas Bedak Energizing Aromatic - kuning-pengantin,error
P000863,SASC,Lift Oléoactif White Truffle Flawless Cushion,error
P000871,Sephora Collection,10hr Perfect Foundation,error
P000873,Sephora Collection,Bright & Hydrating Foundation,error
P000875,Sephora Collection,Mineral Foundation Compact,error
P000877,Shiseido,Lasting Foundation - 30ml,error
P000881,Shiseido,Synchro Skin Lasting Liquid Foundation Broad Spectrum SPF 20,error
P000889,Shu Uemura,Lightbulb Fluid Foundation,error
P000891,Shu Uemura,Petal Skin Foundation,error
P000894,Silkygirl,BB Cushion,error
P000910,Skintific,Limited Cushion Denim Set,error
P000982,the saem,Jeju Fresh Aloe Cooling Cushion Natural Beige,no_ingredients
P001003,TONYMOLY,Facetone Skin Tint,error
P001009,Ultima II,Wonderwear Makeup 30 ml,error
P001010,Ultima II,Wonderwear Stay Last Liquid Makeup,error
P001019,Viva,Covering Cream,error
P001020,Viva,Liquid Foundation,error
P001021,Viva,Liquid Foundation with Bengkuang Extract,error
P001024,Viva,Perfect Look CC Foundation,error
P001025,Viva,Perfect Look Cover Up Foundation,error
P001027,Viva,Sunscreen Foundation,error
P001028,Viva,Ultra Foundation,error
P001046,Wardah,Luminous Creamy Foundation Light Feel,error
P001056,Wet n Wild,CoverAll Crème Foundation,error
P001057,Wet n Wild,MegaCushion Foundation,error
P001068,YOU Beauty,Dream Skin Perfect Cushion,error
